{
  "results": [
    {
      "command": "taskset -c 2 ./hashTableBenchBadLf.out -f test.txt",
      "mean": 6.119081402000001,
      "stddev": 0.047161290826844476,
      "median": 6.1062733381,
      "user": 6.0892294,
      "system": 0.01848924,
      "min": 6.0682560481,
      "max": 6.2234263581,
      "times": [
        6.0926237901,
        6.1234744851,
        6.0682560481,
        6.2234263581,
        6.1327088701,
        6.1066280901,
        6.0937465971,
        6.0737757211000005,
        6.1702554741,
        6.1059185861000005
      ],
      "exit_codes": [
        0,
        0,
        0,
        0,
        0,
        0,
        0,
        0,
        0,
        0
      ]
    },
    {
      "command": "taskset -c 2 ./hashTableBenchGoodLf.out -f test.txt",
      "mean": 5.914094553,
      "stddev": 0.03516030503399343,
      "median": 5.9159855506,
      "user": 5.872992099999999,
      "system": 0.028047139999999998,
      "min": 5.8613122411,
      "max": 5.9649191511,
      "times": [
        5.8613122411,
        5.9649191511,
        5.8613415511,
        5.9486244061,
        5.9198090691,
        5.9240927391,
        5.9471090021,
        5.9108242781,
        5.9121620321,
        5.8907510601
      ],
      "exit_codes": [
        0,
        0,
        0,
        0,
        0,
        0,
        0,
        0,
        0,
        0
      ]
    }
  ]
}
