{
  "results": [
    {
      "command": "taskset -c 2 ./hashTableBenchWithLfind.out -f test.txt",
      "mean": 10.70961173666,
      "stddev": 0.13805087361432505,
      "median": 10.683964469260001,
      "user": 10.662171499999998,
      "system": 0.025589100000000004,
      "min": 10.484769958260001,
      "max": 10.906034363260002,
      "times": [
        10.906034363260002,
        10.86199309526,
        10.652928452260001,
        10.82294446326,
        10.702015859260001,
        10.602509451260001,
        10.484769958260001,
        10.57721042126,
        10.665913079260001,
        10.819798223260001
      ],
      "exit_codes": [
        0,
        0,
        0,
        0,
        0,
        0,
        0,
        0,
        0,
        0
      ]
    },
    {
      "command": "taskset -c 2 ./hashTableBenchWithoutLfind.out -f test.txt",
      "mean": 11.01023578636,
      "stddev": 0.11683228684897336,
      "median": 10.986863189760001,
      "user": 10.967287699999998,
      "system": 0.025917599999999996,
      "min": 10.84809110726,
      "max": 11.16181469726,
      "times": [
        11.12679962726,
        10.964997035260001,
        10.948588969260001,
        11.08503393926,
        10.87784701926,
        10.84809110726,
        10.91934776926,
        11.00872934426,
        11.161108355260001,
        11.16181469726
      ],
      "exit_codes": [
        0,
        0,
        0,
        0,
        0,
        0,
        0,
        0,
        0,
        0
      ]
    }
  ]
}
