{
  "results": [
    {
      "command": "taskset -c 2 ./hashTableBenchCrcOptVec.out -f test.txt",
      "mean": 8.12418714048,
      "stddev": 0.14913379733357437,
      "median": 8.08583452888,
      "user": 8.0835048,
      "system": 0.023485,
      "min": 7.95752661038,
      "max": 8.43448964938,
      "times": [
        8.18608993638,
        7.95752661038,
        8.16047006438,
        8.08110794738,
        8.28821259938,
        8.01223708938,
        8.065312777379999,
        7.96586362038,
        8.09056111038,
        8.43448964938
      ],
      "exit_codes": [
        0,
        0,
        0,
        0,
        0,
        0,
        0,
        0,
        0,
        0
      ]
    },
    {
      "command": "taskset -c 2 ./hashTableBenchCrcOpt.out -f test.txt",
      "mean": 8.07468400568,
      "stddev": 0.11306118199397384,
      "median": 8.08162861588,
      "user": 8.037724299999999,
      "system": 0.021394499999999997,
      "min": 7.92535424138,
      "max": 8.26628727838,
      "times": [
        8.05525134838,
        8.10800588338,
        8.11980524038,
        8.16068190138,
        8.26628727838,
        8.17618443138,
        7.94084935038,
        7.94773135538,
        7.92535424138,
        8.04668902638
      ],
      "exit_codes": [
        0,
        0,
        0,
        0,
        0,
        0,
        0,
        0,
        0,
        0
      ]
    },
    {
      "command": "taskset -c 2 ./hashTableBenchGnu.out -f test.txt",
      "mean": 7.83980783268,
      "stddev": 0.07699753585088154,
      "median": 7.84226267638,
      "user": 7.805290300000001,
      "system": 0.0204003,
      "min": 7.6911432483799995,
      "max": 7.97876881238,
      "times": [
        7.85804583638,
        7.78328163938,
        7.82658260038,
        7.88128778938,
        7.81064609138,
        7.85794275238,
        7.90453778938,
        7.97876881238,
        7.6911432483799995,
        7.8058417673800005
      ],
      "exit_codes": [
        0,
        0,
        0,
        0,
        0,
        0,
        0,
        0,
        0,
        0
      ]
    },
    {
      "command": "taskset -c 2 ./hashTableBenchRol.out -f test.txt",
      "mean": 8.343831243779999,
      "stddev": 0.07678315510879626,
      "median": 8.359375204380001,
      "user": 8.306499299999999,
      "system": 0.0218832,
      "min": 8.20264460238,
      "max": 8.46299057638,
      "times": [
        8.28147992438,
        8.36170651038,
        8.38407198338,
        8.46299057638,
        8.26850165838,
        8.35704389838,
        8.20264460238,
        8.38680480438,
        8.41330513338,
        8.31976334638
      ],
      "exit_codes": [
        0,
        0,
        0,
        0,
        0,
        0,
        0,
        0,
        0,
        0
      ]
    },
    {
      "command": "taskset -c 2 ./hashTableBenchMurMur.out -f test.txt",
      "mean": 9.022776717380001,
      "stddev": 0.17174031239091958,
      "median": 8.97618037038,
      "user": 8.9849738,
      "system": 0.020315,
      "min": 8.81313880138,
      "max": 9.35481951238,
      "times": [
        9.35481951238,
        8.97560636638,
        8.97675437438,
        8.94355444638,
        8.99747963738,
        8.81313880138,
        8.93678526838,
        9.26221118738,
        9.11062792038,
        8.85678965938
      ],
      "exit_codes": [
        0,
        0,
        0,
        0,
        0,
        0,
        0,
        0,
        0,
        0
      ]
    }
  ]
}
