{
  "results": [
    {
      "command": "taskset -c 2 ./hashTableBenchCrcOptVec.out -f test.txt",
      "mean": 7.681398957560001,
      "stddev": 0.18550553387211224,
      "median": 7.61841795816,
      "user": 7.641382879999999,
      "system": 0.0231382,
      "min": 7.40647934216,
      "max": 8.04068865416,
      "times": [
        7.64557525316,
        7.792936903159999,
        7.58472377816,
        7.55453035716,
        7.40647934216,
        7.55281644616,
        7.84898285116,
        8.04068865416,
        7.59126066316,
        7.79599532716
      ],
      "exit_codes": [
        0,
        0,
        0,
        0,
        0,
        0,
        0,
        0,
        0,
        0
      ]
    },
    {
      "command": "taskset -c 2 ./hashTableBenchCrcOpt.out -f test.txt",
      "mean": 7.58186525086,
      "stddev": 0.08922056175265625,
      "median": 7.59429499366,
      "user": 7.53144588,
      "system": 0.0304952,
      "min": 7.42752518816,
      "max": 7.68394874916,
      "times": [
        7.67126460116,
        7.5972600011599996,
        7.6633457611599995,
        7.64150279016,
        7.57227516316,
        7.68394874916,
        7.59132998616,
        7.42752518816,
        7.47929480316,
        7.49090546516
      ],
      "exit_codes": [
        0,
        0,
        0,
        0,
        0,
        0,
        0,
        0,
        0,
        0
      ]
    },
    {
      "command": "taskset -c 2 ./hashTableBenchGnu.out -f test.txt",
      "mean": 7.634429042260001,
      "stddev": 0.11571028571773445,
      "median": 7.63785884866,
      "user": 7.588115779999998,
      "system": 0.0291657,
      "min": 7.40693321516,
      "max": 7.81871743516,
      "times": [
        7.594855767159999,
        7.71846176216,
        7.81871743516,
        7.526217948159999,
        7.59393550116,
        7.40693321516,
        7.66696908216,
        7.642784949159999,
        7.74248201416,
        7.63293274816
      ],
      "exit_codes": [
        0,
        0,
        0,
        0,
        0,
        0,
        0,
        0,
        0,
        0
      ]
    },
    {
      "command": "taskset -c 2 ./hashTableBenchRol.out -f test.txt",
      "mean": 8.094978747159999,
      "stddev": 0.05109372041301455,
      "median": 8.084548572660001,
      "user": 8.053931379999998,
      "system": 0.024392200000000003,
      "min": 8.02898505616,
      "max": 8.18594227716,
      "times": [
        8.05253565716,
        8.09461049816,
        8.04562652716,
        8.07183038016,
        8.07448664716,
        8.101102297159999,
        8.18594227716,
        8.02898505616,
        8.13858876516,
        8.15607936616
      ],
      "exit_codes": [
        0,
        0,
        0,
        0,
        0,
        0,
        0,
        0,
        0,
        0
      ]
    },
    {
      "command": "taskset -c 2 ./hashTableBenchMurMur.out -f test.txt",
      "mean": 8.87194922616,
      "stddev": 0.07675629181887447,
      "median": 8.883338773159998,
      "user": 8.82149398,
      "system": 0.0306404,
      "min": 8.68263418116,
      "max": 8.946108323159999,
      "times": [
        8.86700055916,
        8.82096977816,
        8.92473619116,
        8.93435720216,
        8.68263418116,
        8.89967698716,
        8.86607599616,
        8.91129233916,
        8.946108323159999,
        8.86664070416
      ],
      "exit_codes": [
        0,
        0,
        0,
        0,
        0,
        0,
        0,
        0,
        0,
        0
      ]
    }
  ]
}
