{
  "results": [
    {
      "command": "taskset -c 2 ./hashTableBenchCrcOpt.out -f test.txt",
      "mean": 8.08220458162,
      "stddev": 0.2619601786965207,
      "median": 8.051403537519999,
      "user": 8.04701108,
      "system": 0.018048719999999997,
      "min": 7.63189643502,
      "max": 8.51289793402,
      "times": [
        7.92611499102,
        8.08465796102,
        7.89632393202,
        8.21067366702,
        8.51289793402,
        8.36524088802,
        8.27462953002,
        8.01814911402,
        7.63189643502,
        7.90146136402
      ],
      "exit_codes": [
        0,
        0,
        0,
        0,
        0,
        0,
        0,
        0,
        0,
        0
      ]
    },
    {
      "command": "taskset -c 2 ./hashTableBenchGnu.out -f test.txt",
      "mean": 7.784418734419999,
      "stddev": 0.1726978590163641,
      "median": 7.793742442019999,
      "user": 7.74969828,
      "system": 0.019306720000000003,
      "min": 7.39640363802,
      "max": 8.02807805202,
      "times": [
        7.88488306802,
        7.67864737602,
        7.76066653402,
        7.88313499602,
        8.02807805202,
        7.78079618302,
        7.70103143502,
        7.39640363802,
        7.80668870102,
        7.92385736102
      ],
      "exit_codes": [
        0,
        0,
        0,
        0,
        0,
        0,
        0,
        0,
        0,
        0
      ]
    },
    {
      "command": "taskset -c 2 ./hashTableBenchRol.out -f test.txt",
      "mean": 8.235536026819998,
      "stddev": 0.15909336313053157,
      "median": 8.21802841202,
      "user": 8.19364458,
      "system": 0.024517619999999997,
      "min": 8.00526613802,
      "max": 8.52367005602,
      "times": [
        8.20931695902,
        8.24185501002,
        8.45368133502,
        8.52367005602,
        8.30836932502,
        8.09627983202,
        8.00526613802,
        8.111171132019999,
        8.17901061602,
        8.226739865019999
      ],
      "exit_codes": [
        0,
        0,
        0,
        0,
        0,
        0,
        0,
        0,
        0,
        0
      ]
    },
    {
      "command": "taskset -c 2 ./hashTableBenchMurMur.out -f test.txt",
      "mean": 8.93071599572,
      "stddev": 0.24602053160159046,
      "median": 8.87645660202,
      "user": 8.890412279999998,
      "system": 0.022283519999999994,
      "min": 8.64812364702,
      "max": 9.39062835902,
      "times": [
        8.64812364702,
        8.69484262102,
        8.98989945902,
        9.27798620402,
        8.74094115402,
        9.02099743702,
        8.92117511902,
        8.79082787202,
        8.83173808502,
        9.39062835902
      ],
      "exit_codes": [
        0,
        0,
        0,
        0,
        0,
        0,
        0,
        0,
        0,
        0
      ]
    }
  ]
}
