{
  "results": [
    {
      "command": "taskset -c 2 ./hashTableBenchWithoutFuncPtr.out -f test.txt",
      "mean": 11.01245679478,
      "stddev": 0.16762614244588475,
      "median": 11.05208358238,
      "user": 10.96507746,
      "system": 0.027916720000000006,
      "min": 10.66981762588,
      "max": 11.239101278880002,
      "times": [
        11.076395659880001,
        11.239101278880002,
        11.160650957880001,
        10.927640097880001,
        11.15439469588,
        10.884000050880001,
        11.06344211488,
        11.04072504988,
        10.66981762588,
        10.908400415880001
      ],
      "exit_codes": [
        0,
        0,
        0,
        0,
        0,
        0,
        0,
        0,
        0,
        0
      ]
    },
    {
      "command": "taskset -c 2 ./hashTableBenchWithFuncPtr.out -f test.txt",
      "mean": 11.052242354080002,
      "stddev": 0.15311456709088883,
      "median": 11.074512466880002,
      "user": 11.003010460000002,
      "system": 0.02762042,
      "min": 10.760300738880002,
      "max": 11.296791677880002,
      "times": [
        10.760300738880002,
        10.90092066188,
        11.11348877088,
        11.142319373880001,
        11.077699004880001,
        11.07132592888,
        11.296791677880002,
        10.94128615688,
        11.184642786880001,
        11.03364843988
      ],
      "exit_codes": [
        0,
        0,
        0,
        0,
        0,
        0,
        0,
        0,
        0,
        0
      ]
    }
  ]
}
