{
  "results": [
    {
      "command": "taskset -c 2 ./hashTableBenchInlinedHashFunc.out -f test.txt",
      "mean": 6.213927612659999,
      "stddev": 0.0767256232479709,
      "median": 6.1983071900599995,
      "user": 6.18250514,
      "system": 0.02067646,
      "min": 6.1355268570599995,
      "max": 6.36315573806,
      "times": [
        6.20264894406,
        6.21876446506,
        6.1355268570599995,
        6.20250602106,
        6.15437656506,
        6.15938494906,
        6.1941083590599995,
        6.17045504606,
        6.36315573806,
        6.33834918206
      ],
      "exit_codes": [
        0,
        0,
        0,
        0,
        0,
        0,
        0,
        0,
        0,
        0
      ]
    },
    {
      "command": "taskset -c 2 ./hashTableBenchAddrImprovedLFind.out -f test.txt",
      "mean": 6.25397948476,
      "stddev": 0.1610809809123066,
      "median": 6.20610454406,
      "user": 6.222625339999999,
      "system": 0.01911306,
      "min": 6.09749105206,
      "max": 6.60768040006,
      "times": [
        6.11044400706,
        6.09749105206,
        6.15998745706,
        6.2449450960599995,
        6.41996434006,
        6.13952249506,
        6.25972395006,
        6.60768040006,
        6.33277205806,
        6.16726399206
      ],
      "exit_codes": [
        0,
        0,
        0,
        0,
        0,
        0,
        0,
        0,
        0,
        0
      ]
    }
  ]
}
