{
  "results": [
    {
      "command": "taskset -c 2 ./hashTableBenchGoodSizeHashTable.out -f test.txt",
      "mean": 6.09502539292,
      "stddev": 0.07318085136557227,
      "median": 6.09342567692,
      "user": 6.0683921199999995,
      "system": 0.01554856,
      "min": 6.0180413999199995,
      "max": 6.26671747392,
      "times": [
        6.10047980692,
        6.02254956292,
        6.12702449892,
        6.26671747392,
        6.12072823692,
        6.06363625292,
        6.02911560492,
        6.11558954492,
        6.08637154692,
        6.0180413999199995
      ],
      "exit_codes": [
        0,
        0,
        0,
        0,
        0,
        0,
        0,
        0,
        0,
        0
      ]
    },
    {
      "command": "taskset -c 2 ./hashTableBenchAddrImprovedLFind.out -f test.txt",
      "mean": 6.12227941752,
      "stddev": 0.02766886088224304,
      "median": 6.12710834692,
      "user": 6.090599019999999,
      "system": 0.02021816,
      "min": 6.08163246092,
      "max": 6.16269101192,
      "times": [
        6.13688562692,
        6.08771205492,
        6.14681593792,
        6.11309728392,
        6.08163246092,
        6.14065195792,
        6.16269101192,
        6.09441549892,
        6.11733106692,
        6.14156127492
      ],
      "exit_codes": [
        0,
        0,
        0,
        0,
        0,
        0,
        0,
        0,
        0,
        0
      ]
    }
  ]
}
