{
  "results": [
    {
      "command": "taskset -c 2 ./hashTableBenchOldStrcmp.out -f test.txt",
      "mean": 7.229936608619999,
      "stddev": 0.01702228371458652,
      "median": 7.22857805822,
      "user": 7.199304580000001,
      "system": 0.018181239999999994,
      "min": 7.20663959572,
      "max": 7.26545745372,
      "times": [
        7.20690715072,
        7.22685312772,
        7.24231378672,
        7.20663959572,
        7.22698053172,
        7.2301755847199995,
        7.23820542572,
        7.23144906072,
        7.26545745372,
        7.22438436872
      ],
      "exit_codes": [
        0,
        0,
        0,
        0,
        0,
        0,
        0,
        0,
        0,
        0
      ]
    },
    {
      "command": "taskset -c 2 ./hashTableBenchOptStrcmp.out -f test.txt",
      "mean": 6.388356229619999,
      "stddev": 0.033410782720155435,
      "median": 6.39476601722,
      "user": 6.35841398,
      "system": 0.01872324,
      "min": 6.31400493072,
      "max": 6.42723732272,
      "times": [
        6.41447751172,
        6.41240102672,
        6.31400493072,
        6.35143019072,
        6.38878853672,
        6.39566530472,
        6.38147913372,
        6.39386672972,
        6.40421160872,
        6.42723732272
      ],
      "exit_codes": [
        0,
        0,
        0,
        0,
        0,
        0,
        0,
        0,
        0,
        0
      ]
    }
  ]
}
