{
  "results": [
    {
      "command": "taskset -c 2 ./hashTableBench.out -f test.txt",
      "mean": 8.473550193460003,
      "stddev": 0.2107126553399995,
      "median": 8.406432892160002,
      "user": 8.43510164,
      "system": 0.02092666,
      "min": 8.20052935716,
      "max": 8.95473816916,
      "times": [
        8.37814333416,
        8.33007870516,
        8.20052935716,
        8.334619486160001,
        8.95473816916,
        8.630832792160001,
        8.55105359416,
        8.406028004160001,
        8.40683778016,
        8.54264071216
      ],
      "exit_codes": [
        0,
        0,
        0,
        0,
        0,
        0,
        0,
        0,
        0,
        0
      ]
    }
  ]
}
