{
  "results": [
    {
      "command": "taskset -c 2 ./hashTableBench.out -f test.txt",
      "mean": 7.563416642799998,
      "stddev": 0.09782493338461423,
      "median": 7.561271071,
      "user": 7.524080039999999,
      "system": 0.02495394,
      "min": 7.398272249000001,
      "max": 7.707713953000001,
      "times": [
        7.654803581,
        7.398272249000001,
        7.707713953000001,
        7.470173591,
        7.659737801,
        7.608835825000001,
        7.467092356,
        7.558137998,
        7.5449949300000005,
        7.564404144
      ],
      "exit_codes": [
        0,
        0,
        0,
        0,
        0,
        0,
        0,
        0,
        0,
        0
      ]
    }
  ]
}
