{
  "results": [
    {
      "command": "taskset -c 2 ./hashTableBench.out -f test.txt",
      "mean": 7.78999616232,
      "stddev": 0.2757448160370968,
      "median": 7.711558693320001,
      "user": 7.752612819999999,
      "system": 0.02104502,
      "min": 7.48663739732,
      "max": 8.21713738532,
      "times": [
        7.579031132320001,
        7.570739442320001,
        7.53413276132,
        7.60755589732,
        7.916864099320001,
        7.48663739732,
        7.81556148932,
        7.971377454320001,
        8.20092456432,
        8.21713738532
      ],
      "exit_codes": [
        0,
        0,
        0,
        0,
        0,
        0,
        0,
        0,
        0,
        0
      ]
    }
  ]
}
