{
  "results": [
    {
      "command": "taskset -c 2 ./hashTableBench.out -f test.txt -c 200",
      "mean": 10.2934527458,
      "stddev": 0.07679028565969098,
      "median": 10.286957040799999,
      "user": 10.25875118,
      "system": 0.02031152,
      "min": 10.207570772799999,
      "max": 10.4336115008,
      "times": [
        10.2479588318,
        10.207570772799999,
        10.2127867518,
        10.4336115008,
        10.315575729799999,
        10.2169793518,
        10.3436654658,
        10.3043833808,
        10.269530700799999,
        10.3824649718
      ],
      "exit_codes": [
        0,
        0,
        0,
        0,
        0,
        0,
        0,
        0,
        0,
        0
      ],
      "parameters": {
        "size": "200"
      }
    },
    {
      "command": "taskset -c 2 ./hashTableBench.out -f test.txt -c 500",
      "mean": 8.6967858077,
      "stddev": 0.05139636054177419,
      "median": 8.6870542078,
      "user": 8.662949979999999,
      "system": 0.01992072,
      "min": 8.6346248048,
      "max": 8.7875597878,
      "times": [
        8.648125990799999,
        8.652860906799999,
        8.758438287799999,
        8.6346248048,
        8.6873644498,
        8.698632202799999,
        8.7875597878,
        8.7466313468,
        8.6867439658,
        8.6668763338
      ],
      "exit_codes": [
        0,
        0,
        0,
        0,
        0,
        0,
        0,
        0,
        0,
        0
      ],
      "parameters": {
        "size": "500"
      }
    },
    {
      "command": "taskset -c 2 ./hashTableBench.out -f test.txt -c 1000",
      "mean": 7.6949548561,
      "stddev": 0.06944793039641617,
      "median": 7.6798246168,
      "user": 7.66231088,
      "system": 0.01979972,
      "min": 7.607710320800001,
      "max": 7.8033432408,
      "times": [
        7.7421546848,
        7.6751979598,
        7.607710320800001,
        7.650406639800001,
        7.658531071800001,
        7.7994137718,
        7.8033432408,
        7.684451273800001,
        7.6131763668,
        7.715163230800001
      ],
      "exit_codes": [
        0,
        0,
        0,
        0,
        0,
        0,
        0,
        0,
        0,
        0
      ],
      "parameters": {
        "size": "1000"
      }
    },
    {
      "command": "taskset -c 2 ./hashTableBench.out -f test.txt -c 4000",
      "mean": 6.1434102225,
      "stddev": 0.17724740517950113,
      "median": 6.0800118963,
      "user": 6.11231878,
      "system": 0.01970412,
      "min": 5.9726214538,
      "max": 6.595841821800001,
      "times": [
        6.595841821800001,
        6.0949844118000005,
        6.1747608198,
        6.0698781818,
        6.0781058848,
        6.0819179078,
        6.0282900318,
        6.0751527318,
        5.9726214538,
        6.2625489798
      ],
      "exit_codes": [
        0,
        0,
        0,
        0,
        0,
        0,
        0,
        0,
        0,
        0
      ],
      "parameters": {
        "size": "4000"
      }
    },
    {
      "command": "taskset -c 2 ./hashTableBench.out -f test.txt -c 5000",
      "mean": 5.996200849000002,
      "stddev": 0.05165700144606841,
      "median": 5.9915309133,
      "user": 5.96297858,
      "system": 0.020586519999999997,
      "min": 5.9199945098,
      "max": 6.0886018948,
      "times": [
        5.9714716328,
        6.0561150788,
        6.0051862918,
        6.0047689778,
        5.9199945098,
        5.9356646668,
        6.0263009028,
        5.978292848800001,
        6.0886018948,
        5.975611685800001
      ],
      "exit_codes": [
        0,
        0,
        0,
        0,
        0,
        0,
        0,
        0,
        0,
        0
      ],
      "parameters": {
        "size": "5000"
      }
    },
    {
      "command": "taskset -c 2 ./hashTableBench.out -f test.txt -c 10000",
      "mean": 5.8558383118,
      "stddev": 0.08429818202828995,
      "median": 5.8333177183,
      "user": 5.825236179999999,
      "system": 0.020354019999999994,
      "min": 5.7659174558,
      "max": 6.0494765448,
      "times": [
        6.0494765448,
        5.7659174558,
        5.8158319878,
        5.8762182568000005,
        5.767813338800001,
        5.8346583368000005,
        5.8319770998000005,
        5.815831648800001,
        5.9322080368000005,
        5.8684504118000005
      ],
      "exit_codes": [
        0,
        0,
        0,
        0,
        0,
        0,
        0,
        0,
        0,
        0
      ],
      "parameters": {
        "size": "10000"
      }
    },
    {
      "command": "taskset -c 2 ./hashTableBench.out -f test.txt -c 15000",
      "mean": 5.835004017200001,
      "stddev": 0.05921468965958306,
      "median": 5.832796340300001,
      "user": 5.800098979999999,
      "system": 0.02409312,
      "min": 5.7764366098,
      "max": 5.9831506528,
      "times": [
        5.827721873800001,
        5.7764366098,
        5.7795307508,
        5.7914948528000005,
        5.8413520838,
        5.8380111798000005,
        5.9831506528,
        5.8605698618,
        5.813901499800001,
        5.837870806800001
      ],
      "exit_codes": [
        0,
        0,
        0,
        0,
        0,
        0,
        0,
        0,
        0,
        0
      ],
      "parameters": {
        "size": "15000"
      }
    },
    {
      "command": "taskset -c 2 ./hashTableBench.out -f test.txt -c 20000",
      "mean": 5.7900166351,
      "stddev": 0.03605131787084916,
      "median": 5.787962544300001,
      "user": 5.752834179999999,
      "system": 0.024790319999999998,
      "min": 5.7457423138,
      "max": 5.874784073800001,
      "times": [
        5.874784073800001,
        5.7905671308,
        5.7508027728,
        5.790934942800001,
        5.787556034800001,
        5.7728053808,
        5.8156612018,
        5.7457423138,
        5.7829434458,
        5.7883690538
      ],
      "exit_codes": [
        0,
        0,
        0,
        0,
        0,
        0,
        0,
        0,
        0,
        0
      ],
      "parameters": {
        "size": "20000"
      }
    },
    {
      "command": "taskset -c 2 ./hashTableBench.out -f test.txt -c 25000",
      "mean": 5.847179294700001,
      "stddev": 0.04134303604260912,
      "median": 5.833727099800001,
      "user": 5.811369979999999,
      "system": 0.025498420000000004,
      "min": 5.807209187800001,
      "max": 5.9395092568,
      "times": [
        5.844411084800001,
        5.8338359518,
        5.8230059428,
        5.8372075238,
        5.807209187800001,
        5.9395092568,
        5.8336182478000005,
        5.9034342218,
        5.829218459800001,
        5.820343069800001
      ],
      "exit_codes": [
        0,
        0,
        0,
        0,
        0,
        0,
        0,
        0,
        0,
        0
      ],
      "parameters": {
        "size": "25000"
      }
    },
    {
      "command": "taskset -c 2 ./hashTableBench.out -f test.txt -c 50000",
      "mean": 5.952012172000001,
      "stddev": 0.09533145138926857,
      "median": 5.9511096308,
      "user": 5.91075118,
      "system": 0.03057492,
      "min": 5.8383715348,
      "max": 6.1523577918,
      "times": [
        5.8383715348,
        5.9618470818,
        6.0172497288,
        5.8452231688000005,
        5.944692319800001,
        5.8548973198,
        5.938598698800001,
        6.1523577918,
        6.0093571338,
        5.9575269418
      ],
      "exit_codes": [
        0,
        0,
        0,
        0,
        0,
        0,
        0,
        0,
        0,
        0
      ],
      "parameters": {
        "size": "50000"
      }
    }
  ]
}
