{
  "results": [
    {
      "command": "taskset -c 2 ./hashTableBenchLoadFactor.out -f test.txt -c 200",
      "mean": 28.126904354300006,
      "stddev": 0.741757884442019,
      "median": 27.9243745923,
      "user": 28.062300979999996,
      "system": 0.03531764,
      "min": 27.500510429800002,
      "max": 30.109694484800002,
      "times": [
        27.8686446928,
        28.0419353668,
        27.500510429800002,
        27.918969151800002,
        28.481894320800002,
        27.9297800328,
        27.6652001978,
        27.816552355800003,
        27.935862509800003,
        30.109694484800002
      ],
      "exit_codes": [
        0,
        0,
        0,
        0,
        0,
        0,
        0,
        0,
        0,
        0
      ],
      "parameters": {
        "size": "200"
      }
    },
    {
      "command": "taskset -c 2 ./hashTableBenchLoadFactor.out -f test.txt -c 500",
      "mean": 21.1914023769,
      "stddev": 0.5104819840854667,
      "median": 21.216361576300002,
      "user": 21.13594998,
      "system": 0.03113534,
      "min": 20.526455563800003,
      "max": 22.0844759448,
      "times": [
        21.448892028800003,
        20.526455563800003,
        20.7125446738,
        21.7854569068,
        21.008632126800002,
        22.0844759448,
        21.1851627688,
        21.3517528228,
        21.2475603838,
        20.5630905488
      ],
      "exit_codes": [
        0,
        0,
        0,
        0,
        0,
        0,
        0,
        0,
        0,
        0
      ],
      "parameters": {
        "size": "500"
      }
    },
    {
      "command": "taskset -c 2 ./hashTableBenchLoadFactor.out -f test.txt -c 1000",
      "mean": 19.2063474712,
      "stddev": 1.8469820477806616,
      "median": 18.8454231318,
      "user": 19.15591668,
      "system": 0.027135239999999995,
      "min": 17.8499748708,
      "max": 24.3004262898,
      "times": [
        18.9695796638,
        17.8499748708,
        18.153982897800002,
        19.0844413308,
        18.7212665998,
        19.209789442800002,
        19.0786075088,
        18.4114759208,
        18.283930186800003,
        24.3004262898
      ],
      "exit_codes": [
        0,
        0,
        0,
        0,
        0,
        0,
        0,
        0,
        0,
        0
      ],
      "parameters": {
        "size": "1000"
      }
    },
    {
      "command": "taskset -c 2 ./hashTableBenchLoadFactor.out -f test.txt -c 2000",
      "mean": 18.175676333700004,
      "stddev": 1.3321696647886307,
      "median": 18.1075039103,
      "user": 18.12242358,
      "system": 0.030364140000000005,
      "min": 16.2737390548,
      "max": 20.803023122800003,
      "times": [
        16.2737390548,
        17.9892037348,
        18.6613024438,
        20.803023122800003,
        19.755622678800002,
        17.011339766800003,
        17.5055497088,
        17.2453357708,
        18.2258040858,
        18.2858429698
      ],
      "exit_codes": [
        0,
        0,
        0,
        0,
        0,
        0,
        0,
        0,
        0,
        0
      ],
      "parameters": {
        "size": "2000"
      }
    },
    {
      "command": "taskset -c 2 ./hashTableBenchLoadFactor.out -f test.txt -c 4000",
      "mean": 17.1748526722,
      "stddev": 2.1375353645132646,
      "median": 16.440025723300003,
      "user": 17.122654380000004,
      "system": 0.02849154,
      "min": 15.8868896548,
      "max": 22.901512847800003,
      "times": [
        18.443126460800002,
        22.901512847800003,
        16.5545999238,
        15.8868896548,
        16.467876837800002,
        16.086854078800002,
        16.7564798868,
        16.4121746088,
        16.0602700548,
        16.1787423678
      ],
      "exit_codes": [
        0,
        0,
        0,
        0,
        0,
        0,
        0,
        0,
        0,
        0
      ],
      "parameters": {
        "size": "4000"
      }
    },
    {
      "command": "taskset -c 2 ./hashTableBenchLoadFactor.out -f test.txt -c 5000",
      "mean": 15.724945744200003,
      "stddev": 0.549529852532084,
      "median": 15.5649595753,
      "user": 15.672896080000001,
      "system": 0.031053940000000002,
      "min": 15.3258909638,
      "max": 17.2285049448,
      "times": [
        15.3258909638,
        15.4611213238,
        15.5195698288,
        15.5186059328,
        17.2285049448,
        15.6103493218,
        15.833101061799999,
        15.7312547468,
        15.3949104538,
        15.6261488638
      ],
      "exit_codes": [
        0,
        0,
        0,
        0,
        0,
        0,
        0,
        0,
        0,
        0
      ],
      "parameters": {
        "size": "5000"
      }
    },
    {
      "command": "taskset -c 2 ./hashTableBenchLoadFactor.out -f test.txt -c 6000",
      "mean": 15.407358194800002,
      "stddev": 0.3247165002445132,
      "median": 15.4378283668,
      "user": 15.360302480000001,
      "system": 0.028441639999999997,
      "min": 14.8295904098,
      "max": 15.7869292638,
      "times": [
        14.8295904098,
        15.7869292638,
        15.3769598648,
        15.4130100208,
        15.5579762998,
        15.4626467128,
        15.0667034188,
        15.0918886088,
        15.7104780248,
        15.7773993238
      ],
      "exit_codes": [
        0,
        0,
        0,
        0,
        0,
        0,
        0,
        0,
        0,
        0
      ],
      "parameters": {
        "size": "6000"
      }
    },
    {
      "command": "taskset -c 2 ./hashTableBenchLoadFactor.out -f test.txt -c 8000",
      "mean": 14.755232509899997,
      "stddev": 0.3422791165537935,
      "median": 14.6322372308,
      "user": 14.707705579999999,
      "system": 0.02789984,
      "min": 14.1727480448,
      "max": 15.4582222168,
      "times": [
        15.003031029799999,
        14.6297221938,
        15.4582222168,
        14.876236947799999,
        14.6347522678,
        14.5629878018,
        14.621654767799999,
        14.6285664948,
        14.1727480448,
        14.9644033338
      ],
      "exit_codes": [
        0,
        0,
        0,
        0,
        0,
        0,
        0,
        0,
        0,
        0
      ],
      "parameters": {
        "size": "8000"
      }
    },
    {
      "command": "taskset -c 2 ./hashTableBenchLoadFactor.out -f test.txt -c 10000",
      "mean": 13.7351078935,
      "stddev": 0.4384265438445011,
      "median": 13.6866294553,
      "user": 13.690342379999999,
      "system": 0.025379339999999993,
      "min": 13.2089419208,
      "max": 14.8503181588,
      "times": [
        13.6843129578,
        14.8503181588,
        13.7671231518,
        13.6889459528,
        13.7054218808,
        13.9010909158,
        13.3738751358,
        13.2089419208,
        13.5876175428,
        13.5834313178
      ],
      "exit_codes": [
        0,
        0,
        0,
        0,
        0,
        0,
        0,
        0,
        0,
        0
      ],
      "parameters": {
        "size": "10000"
      }
    },
    {
      "command": "taskset -c 2 ./hashTableBenchLoadFactor.out -f test.txt -c 15000",
      "mean": 13.9631613438,
      "stddev": 0.4011416419991731,
      "median": 13.8947048018,
      "user": 13.91611168,
      "system": 0.02840654,
      "min": 13.3387168558,
      "max": 14.699294351799999,
      "times": [
        13.3387168558,
        13.9251586048,
        14.2138334818,
        13.6160461098,
        13.8642509988,
        14.4132244178,
        14.0893624508,
        13.7312064188,
        14.699294351799999,
        13.7405197478
      ],
      "exit_codes": [
        0,
        0,
        0,
        0,
        0,
        0,
        0,
        0,
        0,
        0
      ],
      "parameters": {
        "size": "15000"
      }
    },
    {
      "command": "taskset -c 2 ./hashTableBenchLoadFactor.out -f test.txt -c 17000",
      "mean": 13.5995182061,
      "stddev": 0.2226146273916525,
      "median": 13.6067496958,