{
  "results": [
    {
      "command": "taskset -c 2 ./hashTableBench.out -f test.txt",
      "mean": 11.78410827094,
      "stddev": 0.36012719561653966,
      "median": 11.69996726604,
      "user": 11.72905254,
      "system": 0.03239406,
      "min": 11.314089529539999,
      "max": 12.64198650254,
      "times": [
        11.96910575754,
        11.314089529539999,
        11.56916534354,
        11.68512079554,
        11.58572370154,
        11.71481373654,
        11.976326908539999,
        12.64198650254,
        11.58703632954,
        11.797714104539999
      ],
      "exit_codes": [
        0,
        0,
        0,
        0,
        0,
        0,
        0,
        0,
        0,
        0
      ]
    }
  ]
}
