{
  "results": [
    {
      "command": "taskset -c 2 ./hashTableBench.out -f test.txt",
      "mean": 6.604317048780001,
      "stddev": 0.22035726881936776,
      "median": 6.5176881689799995,
      "user": 6.575072519999999,
      "system": 0.018231920000000002,
      "min": 6.39137055198,
      "max": 7.11397303198,
      "times": [
        6.48635804998,
        6.51175683698,
        6.52361950098,
        6.48946251998,
        6.47345619498,
        7.11397303198,
        6.5670047789799995,
        6.61520655998,
        6.87096246198,
        6.39137055198
      ],
      "exit_codes": [
        0,
        0,
        0,
        0,
        0,
        0,
        0,
        0,
        0,
        0
      ]
    }
  ]
}
