{
  "results": [
    {
      "command": "taskset -c 2 ./hashTableBench.out -f test.txt",
      "mean": 6.7339393727,
      "stddev": 0.14098254683053044,
      "median": 6.7259639794999995,
      "user": 6.699706739999999,
      "system": 0.02043632,
      "min": 6.5786653865,
      "max": 7.0358413215,
      "times": [
        6.6063779335,
        6.6479857735,
        6.7147519055,
        6.775408934500001,
        6.8017726935,
        7.0358413215,
        6.8490034905,
        6.7371760535,
        6.5924102345,
        6.5786653865
      ],
      "exit_codes": [
        0,
        0,
        0,
        0,
        0,
        0,
        0,
        0,
        0,
        0
      ]
    }
  ]
}
