{
  "results": [
    {
      "command": "taskset -c 2 ./hashTableBenchTest.out -f test.txt",
      "mean": 6.170621304439999,
      "stddev": 0.05865303659919955,
      "median": 6.1672341802399995,
      "user": 6.1431712,
      "system": 0.01586278,
      "min": 6.06330649224,
      "max": 6.2893026462399995,
      "times": [
        6.2893026462399995,
        6.13806883924,
        6.20915973224,
        6.138992700239999,
        6.1490959922399995,
        6.20573480524,
        6.06330649224,
        6.16277827024,
        6.178083476239999,
        6.171690090239999
      ],
      "exit_codes": [
        0,
        0,
        0,
        0,
        0,
        0,
        0,
        0,
        0,
        0
      ]
    },
    {
      "command": "taskset -c 2 ./hashTableBenchOptStrcmp.out -f test.txt",
      "mean": 6.57488140584,
      "stddev": 0.1595868490341788,
      "median": 6.5357315172399995,
      "user": 6.5434167,
      "system": 0.02071878,
      "min": 6.44243361424,
      "max": 6.9653643142399995,
      "times": [
        6.53946932424,
        6.46934245624,
        6.44403445824,
        6.47041364624,
        6.44243361424,
        6.531993710239999,
        6.588934345239999,
        6.9653643142399995,
        6.702794551239999,
        6.59403363824
      ],
      "exit_codes": [
        0,
        0,
        0,
        0,
        0,
        0,
        0,
        0,
        0,
        0
      ]
    }
  ]
}
