{
  "results": [
    {
      "command": "taskset -c 2 ./hashTableBench.out -f test.txt",
      "mean": 7.8300451173,
      "stddev": 0.20218400039836767,
      "median": 7.800203617800001,
      "user": 7.796487000000001,
      "system": 0.01831332,
      "min": 7.5850999188,
      "max": 8.166691713799999,
      "times": [
        7.6040836218,
        7.646091210800001,
        7.5850999188,
        7.9345214158,
        8.166691713799999,
        7.7190217448,
        7.7312294048000005,
        7.9973413948,
        7.869177830800001,
        8.0471929168
      ],
      "exit_codes": [
        0,
        0,
        0,
        0,
        0,
        0,
        0,
        0,
        0,
        0
      ]
    }
  ]
}
