{
  "results": [
    {
      "command": "taskset -c 2 ./hashTableO0.out -f test.txt",
      "mean": 16.42222306858,
      "stddev": 0.30644529808095844,
      "median": 16.40872804888,
      "user": 16.326927700000002,
      "system": 0.05955608,
      "min": 16.02384083138,
      "max": 17.04276929338,
      "times": [
        16.56984575538,
        17.04276929338,
        16.32648566838,
        16.02384083138,
        16.12857251338,
        16.14311805838,
        16.49097042938,
        16.703610325379998,
        16.49916531138,
        16.293852499379998
      ],
      "exit_codes": [
        0,
        0,
        0,
        0,
        0,
        0,
        0,
        0,
        0,
        0
      ]
    },
    {
      "command": "taskset -c 2 ./hashTableO3.out -f test.txt",
      "mean": 13.357552561979997,
      "stddev": 0.09283094341220939,
      "median": 13.33615323788,
      "user": 13.288166999999998,
      "system": 0.04543218,
      "min": 13.24558234738,
      "max": 13.52294022738,
      "times": [
        13.45961490038,
        13.43342534038,
        13.31323181738,
        13.52294022738,
        13.39234788038,
        13.28951792138,
        13.35123958738,
        13.321066888379999,
        13.24655870938,
        13.24558234738
      ],
      "exit_codes": [
        0,
        0,
        0,
        0,
        0,
        0,
        0,
        0,
        0,
        0
      ]
    }
  ]
}
