{
  "results": [
    {
      "command": "./hashTableO2.out -f test.txt",
      "mean": 14.117451535639997,
      "stddev": 0.37608188744558735,
      "median": 14.03253017014,
      "user": 14.023955039999999,
      "system": 0.05609856,
      "min": 13.76582337964,
      "max": 15.08873146364,
      "times": [
        14.00997224464,
        15.08873146364,
        14.05508809564,
        13.76582337964,
        13.94677104464,
        14.22341878264,
        13.95557225064,
        14.241938298640001,
        14.09845255564,
        13.788747240640001
      ],
      "exit_codes": [
        0,
        0,
        0,
        0,
        0,
        0,
        0,
        0,
        0,
        0
      ]
    },
    {
      "command": "./hashTableO3.out -f test.txt",
      "mean": 13.498460003240002,
      "stddev": 0.2580269873655625,
      "median": 13.43953714664,
      "user": 13.41041884,
      "system": 0.05384196,
      "min": 13.16347960764,
      "max": 13.90883823064,
      "times": [
        13.333749879640001,
        13.78721613264,
        13.90883823064,
        13.44411992164,
        13.72272967164,
        13.43495437164,
        13.16347960764,
        13.67886199164,
        13.25786799364,
        13.25278223164
      ],
      "exit_codes": [
        0,
        0,
        0,
        0,
        0,
        0,
        0,
        0,
        0,
        0
      ]
    }
  ]
}
