{
  "results": [
    {
      "command": "taskset -c 2 ./hashTableOptimalSearch.out -f test.txt -n 1",
      "mean": 0.18704068507058824,
      "stddev": 0.02776734543881095,
      "median": 0.1855282486,
      "user": 0.14723488235294116,
      "system": 0.03261369647058823,
      "min": 0.1511836336,
      "max": 0.25601011960000003,
      "times": [
        0.1691058806,
        0.1511836336,
        0.1519030696,
        0.1800606866,
        0.1644800726,
        0.1655444766,
        0.1699989246,
        0.16160522559999999,
        0.25601011960000003,
        0.2024243136,
        0.1855282486,
        0.1876370316,
        0.2013400056,
        0.1949994616,
        0.2261039236,
        0.2102006266,
        0.2015659456
      ],
      "exit_codes": [
        0,
        0,
        0,
        0,
        0,
        0,
        0,
        0,
        0,
        0,
        0,
        0,
        0,
        0,
        0,
        0,
        0
      ],
      "parameters": {
        "searches": "1"
      }
    },
    {
      "command": "taskset -c 2 ./hashTableOptimalSearch.out -f test.txt -n 10",
      "mean": 0.1855659894,
      "stddev": 0.01576643448272304,
      "median": 0.1868078396,
      "user": 0.14510313333333333,
      "system": 0.03395245333333333,
      "min": 0.15810168759999998,
      "max": 0.2098555636,
      "times": [
        0.1912540496,
        0.17786363859999998,
        0.2059721266,
        0.1794518466,
        0.1868078396,
        0.2015072456,
        0.1896141026,
        0.2098555636,
        0.2062163756,
        0.1812464466,
        0.1872486366,
        0.1625422836,
        0.1760390746,
        0.1697689236,
        0.15810168759999998
      ],
      "exit_codes": [
        0,
        0,
        0,
        0,
        0,
        0,
        0,
        0,
        0,
        0,
        0,
        0,
        0,
        0,
        0
      ],
      "parameters": {
        "searches": "10"
      }
    },
    {
      "command": "taskset -c 2 ./hashTableOptimalSearch.out -f test.txt -n 100",
      "mean": 0.17107468071111112,
      "stddev": 0.011869562888652875,
      "median": 0.1688824211,
      "user": 0.13220200000000001,
      "system": 0.03388574222222222,
      "min": 0.1568974236,
      "max": 0.1937752346,
      "times": [
        0.1591551686,
        0.1771698916,
        0.1637896446,
        0.1666208076,
        0.1713300576,
        0.1569732226,
        0.1744494136,
        0.1609710906,
        0.1582498686,
        0.1568974236,
        0.1937752346,
        0.1686787036,
        0.1631949226,
        0.1753009186,
        0.1853551846,
        0.18844375359999999,
        0.1899028076,
        0.1690861386
      ],
      "exit_codes": [
        0,
        0,
        0,
        0,
        0,
        0,
        0,
        0,
        0,
        0,
        0,
        0,
        0,
        0,
        0,
        0,
        0,
        0
      ],
      "parameters": {
        "searches": "100"
      }
    },
    {
      "command": "taskset -c 2 ./hashTableOptimalSearch.out -f test.txt -n 1000",
      "mean": 0.16351610659999996,
      "stddev": 0.00669322347683365,
      "median": 0.1630863446,
      "user": 0.12895721052631579,
      "system": 0.029756730526315788,
      "min": 0.15322670859999998,
      "max": 0.1817615576,
      "times": [
        0.1560664726,
        0.1695113716,
        0.1602856666,
        0.1602411746,
        0.1817615576,
        0.1684564226,
        0.1693457926,
        0.1630863446,
        0.1615109886,
        0.1684984736,
        0.1640731016,
        0.1566763726,
        0.15322670859999998,
        0.1589501086,
        0.1595423426,
        0.1686730416,
        0.1666626096,
        0.1636034036,
        0.1566340716
      ],
      "exit_codes": [
        0,
        0,
        0,
        0,
        0,
        0,
        0,
        0,
        0,
        0,
        0,
        0,
        0,
        0,
        0,
        0,
        0,
        0,
        0
      ],
      "parameters": {
        "searches": "1000"
      }
    },
    {
      "command": "taskset -c 2 ./hashTableOptimalSearch.out -f test.txt -n 10000",
      "mean": 0.1751724368105263,
      "stddev": 0.020528747981345127,
      "median": 0.1691279346,
      "user": 0.13863147368421053,
      "system": 0.03162651999999999,
      "min": 0.1545036796,
      "max": 0.2342756056,
      "times": [
        0.1545036796,
        0.1647912726,
        0.1644022406,
        0.1726287126,
        0.1801307996,
        0.22508581860000001,
        0.1633993156,
        0.1743623776,
        0.1725149596,
        0.1868088526,
        0.2342756056,
        0.1635596146,
        0.1731764996,
        0.1643113406,
        0.1633034566,
        0.1706648556,
        0.1691279346,
        0.1652906196,
        0.1659383436
      ],
      "exit_codes": [
        0,
        0,
        0,
        0,
        0,
        0,
        0,
        0,
        0,
        0,
        0,
        0,
        0,
        0,
        0,
        0,
        0,
        0,
        0
      ],
      "parameters": {
        "searches": "10000"
      }
    },
    {
      "command": "taskset -c 2 ./hashTableOptimalSearch.out -f test.txt -n 100000",
      "mean": 0.18036536278750004,
      "stddev": 0.00550364377634314,
      "median": 0.1803188171,
      "user": 0.1450130625,
      "system": 0.029898395,
      "min": 0.1710859906,
      "max": 0.1897288596,
      "times": [
        0.1785165336,
        0.1725155396,
        0.1812911866,
        0.1852363016,
        0.1710859906,
        0.1849102706,
        0.1848038416,
        0.1767666356,
        0.1861217866,
        0.1804861816,
        0.1753125526,
        0.1897288596,
        0.1801514526,
        0.1857878666,
        0.17977716159999999,
        0.1733536436
      ],
      "exit_codes": [
        0,
        0,
        0,
        0,
        0,
        0,
        0,
        0,
        0,
        0,
        0,
        0,
        0,
        0,
        0,
        0
      ],
      "parameters": {
        "searches": "100000"
      }
    },
    {
      "command": "taskset -c 2 ./hashTableOptimalSearch.out -f test.txt -n 1000000",
      "mean": 0.3172885763999999,
      "stddev": 0.0066916491241564915,
      "median": 0.3183362456,
      "user": 0.2803053,
      "system": 0.031130719999999994,
      "min": 0.3090456656,
      "max": 0.3269057976,
      "times": [
        0.3099826296,
        0.3269057976,
        0.3202864256,
        0.3189322846,
        0.3119245036,
        0.3221474456,
        0.3258348136,
        0.3100859916,
        0.3090456656,
        0.3177402066
      ],
      "exit_codes": [
        0,
        0,
        0,
        0,
        0,
        0,
        0,
        0,
        0,
        0
      ],
      "parameters": {
        "searches": "1000000"
      }
    },
    {
      "command": "taskset -c 2 ./hashTableOptimalSearch.out -f test.txt -n 10000000",
      "mean": 1.7554818194000004,
      "stddev": 0.020831934822881194,
      "median": 1.7598318736,
      "user": 1.7162256,
      "system": 0.030712919999999994,
      "min": 1.7255167406,
      "max": 1.7874587356,
      "times": [
        1.7681951066000001,
        1.7580674266,
        1.7874587356,
        1.7255167406,
        1.7446195566,
        1.7390112396,
        1.7268101236,
        1.7615963206,
        1.7761048216000002,
        1.7674381226000002
      ],
      "exit_codes": [
        0,
        0,
        0,
        0,
        0,
        0,
        0,
        0,
        0,
        0
      ],
      "parameters": {
        "searches": "10000000"
      }
    },
    {
      "command": "taskset -c 2 ./hashTableOptimalSearch.out -f test.txt -n 100000000",
      "mean": 16.645257457200003,
      "stddev": 0.6976408390011939,
      "median": 16.4618708411,
      "user": 16.5637681,
      "system": 0.05108322,
      "min": 15.7905926106,
      "max": 18.3394942716,